{
  "n_samples": 1000,
  "n_clusters": 4,
  "silhouette": null,
  "cluster_sizes": {
    "0": 236,
    "1": 277,
    "2": 287,
    "3": 200
  },
  "skipped_nonfinite": 0,
  "continent_distribution": {
    "3": {
      "Asia": 200
    },
    "2": {
      "Asia": 287
    },
    "1": {
      "Asia": 277
    },
    "0": {
      "Asia": 236
    }
  },
  "per_cluster_ppl": {
    "model": {
      "3": {
        "n": 90,
        "mean_nll": 2.332133211574028,
        "mean_ppl": 10.299889958873731
      },
      "2": {
        "n": 113,
        "mean_nll": 2.4839657433386364,
        "mean_ppl": 11.988714432771726
      },
      "1": {
        "n": 119,
        "mean_nll": 2.536279406239935,
        "mean_ppl": 12.632582718588349
      },
      "0": {
        "n": 101,
        "mean_nll": 2.4339056958122742,
        "mean_ppl": 11.403333167880895
      }
    },
    "baseline": {
      "3": {
        "n": 90,
        "mean_nll": 1.8810392819821582,
        "mean_ppl": 6.560319342184183
      },
      "2": {
        "n": 113,
        "mean_nll": 2.00454277999943,
        "mean_ppl": 7.422699314196774
      },
      "1": {
        "n": 119,
        "mean_nll": 2.36618890760751,
        "mean_ppl": 10.656701121898273
      },
      "0": {
        "n": 101,
        "mean_nll": 2.1904776818525815,
        "mean_ppl": 8.939482323433179
      }
    }
  },
  "per_cluster_delta": {
    "0": {
      "delta_nll": 0.2434280139596927,
      "delta_ppl": 2.463850844447716,
      "n_a": 101,
      "n_b": 101
    },
    "1": {
      "delta_nll": 0.17009049863242476,
      "delta_ppl": 1.9758815966900762,
      "n_a": 119,
      "n_b": 119
    },
    "2": {
      "delta_nll": 0.4794229633392062,
      "delta_ppl": 4.566015118574952,
      "n_a": 113,
      "n_b": 113
    },
    "3": {
      "delta_nll": 0.45109392959186967,
      "delta_ppl": 3.739570616689548,
      "n_a": 90,
      "n_b": 90
    }
  },
  "dataset": "/path/to/metacul/training_data/meco_datasets/continents/asia/with_metadata/",
  "split": "test",
  "seed": 42,
  "max_samples": 1000,
  "model_path": "/path/to/metacul/models/ablations/leave_one_out/combined_no_asia_with_metadata_1b",
  "tokenizer_path": "meta-llama/Llama-3.2-1B",
  "baseline_model_path": "/path/to/metacul/models/combined_with_metadata_1b",
  "per_sample_dir": "/path/to/metacul/results/per_sample_losses"
}