{
  "n_samples": 1000,
  "n_clusters": 4,
  "silhouette": null,
  "cluster_sizes": {
    "0": 263,
    "1": 354,
    "2": 48,
    "3": 335
  },
  "skipped_nonfinite": 0,
  "continent_distribution": {
    "3": {
      "Europe": 335
    },
    "1": {
      "Europe": 354
    },
    "0": {
      "Europe": 263
    },
    "2": {
      "Europe": 48
    }
  },
  "per_cluster_ppl": {
    "model": {
      "3": {
        "n": 147,
        "mean_nll": 2.507972499088979,
        "mean_ppl": 12.280007077825427
      },
      "1": {
        "n": 145,
        "mean_nll": 2.7356489045794965,
        "mean_ppl": 15.41974613406108
      },
      "0": {
        "n": 102,
        "mean_nll": 2.5194836782090593,
        "mean_ppl": 12.422181164662794
      },
      "2": {
        "n": 11,
        "mean_nll": 1.3582307699874945,
        "mean_ppl": 3.8893061339596766
      }
    },
    "baseline": {
      "3": {
        "n": 147,
        "mean_nll": 1.9236244869090624,
        "mean_ppl": 6.8457258012914215
      },
      "1": {
        "n": 145,
        "mean_nll": 2.418963930114417,
        "mean_ppl": 11.234213852506354
      },
      "0": {
        "n": 102,
        "mean_nll": 2.18444709854376,
        "mean_ppl": 8.885734259524597
      },
      "2": {
        "n": 11,
        "mean_nll": 0.6008293431815965,
        "mean_ppl": 1.8236305890028086
      }
    }
  },
  "per_cluster_delta": {
    "0": {
      "delta_nll": 0.3350365796652994,
      "delta_ppl": 3.536446905138197,
      "n_a": 102,
      "n_b": 102
    },
    "1": {
      "delta_nll": 0.3166849744650797,
      "delta_ppl": 4.1855322815547265,
      "n_a": 145,
      "n_b": 145
    },
    "2": {
      "delta_nll": 0.757401426805898,
      "delta_ppl": 2.065675544956868,
      "n_a": 11,
      "n_b": 11
    },
    "3": {
      "delta_nll": 0.5843480121799167,
      "delta_ppl": 5.434281276534006,
      "n_a": 147,
      "n_b": 147
    }
  },
  "dataset": "/scratch/amukher6/metacul/training_data/meco_datasets/continents/europe/with_metadata/",
  "split": "test",
  "seed": 42,
  "max_samples": 1000,
  "model_path": "/scratch/amukher6/metacul/models/ablations/leave_one_out/combined_no_europe_with_metadata_1b",
  "tokenizer_path": "meta-llama/Llama-3.2-1B",
  "baseline_model_path": "/scratch/amukher6/metacul/models/combined_with_metadata_1b",
  "per_sample_dir": "/scratch/amukher6/metacul/results/per_sample_losses"
}