{
  "rows_written": 2,
  "rows": [
    {
      "model": "custom_tplus",
      "acc_no_metadata": 0.44360902255639095,
      "acc_correct_metadata": 0.4074074074074074,
      "acc_shuffled_metadata": 0.4,
      "acc_adversarial_metadata": 0.39568345323741005,
      "delta_correct_minus_no": -0.03620161514898357,
      "delta_shuffled_minus_no": -0.04360902255639093,
      "delta_adversarial_minus_no": -0.0479255693189809,
      "flip_rate_correct_vs_no": 0.30158730158730157,
      "flip_rate_shuffled_vs_no": 0.264,
      "flip_rate_adversarial_vs_no": 0.33070866141732286,
      "overlap_correct_vs_no": 126,
      "overlap_shuffled_vs_no": 125,
      "overlap_adversarial_vs_no": 127
    },
    {
      "model": "custom_tminus",
      "acc_no_metadata": 0.48175182481751827,
      "acc_correct_metadata": 0.40714285714285714,
      "acc_shuffled_metadata": 0.4397163120567376,
      "acc_adversarial_metadata": 0.4233576642335766,
      "delta_correct_minus_no": -0.07460896767466113,
      "delta_shuffled_minus_no": -0.04203551276078066,
      "delta_adversarial_minus_no": -0.058394160583941646,
      "flip_rate_correct_vs_no": 0.3828125,
      "flip_rate_shuffled_vs_no": 0.3488372093023256,
      "flip_rate_adversarial_vs_no": 0.3709677419354839,
      "overlap_correct_vs_no": 128,
      "overlap_shuffled_vs_no": 129,
      "overlap_adversarial_vs_no": 124
    }
  ]
}