model,acc_no_metadata,acc_correct_metadata,acc_shuffled_metadata,acc_adversarial_metadata,delta_correct_minus_no,delta_shuffled_minus_no,delta_adversarial_minus_no,flip_rate_correct_vs_no,flip_rate_shuffled_vs_no,flip_rate_adversarial_vs_no,overlap_correct_vs_no,overlap_shuffled_vs_no,overlap_adversarial_vs_no
custom_tplus,0.44360902255639095,0.4074074074074074,0.4,0.39568345323741005,-0.03620161514898357,-0.04360902255639093,-0.0479255693189809,0.30158730158730157,0.264,0.33070866141732286,126,125,127
custom_tminus,0.48175182481751827,0.40714285714285714,0.4397163120567376,0.4233576642335766,-0.07460896767466113,-0.04203551276078066,-0.058394160583941646,0.3828125,0.3488372093023256,0.3709677419354839,128,129,124
