dataset,metric,LLaMA-3.2-1B_(I+),LLaMA-3.2-1B_(I-),"MAPLE 1B_(T+,I+)","MAPLE 1B_(T+,I-)","MAPLE 1B_(T-,I+)","MAPLE 1B_(T-,I-)","MAPLE 3B_(T+,I+)","MAPLE 3B_(T+,I-)","MAPLE 3B_(T-,I+)","MAPLE 3B_(T-,I-)",LLaMA-3.2-1B_(I+)_std,LLaMA-3.2-1B_(I-)_std,"MAPLE 1B_(T+,I+)_std","MAPLE 1B_(T+,I-)_std","MAPLE 1B_(T-,I+)_std","MAPLE 1B_(T-,I-)_std","MAPLE 3B_(T+,I+)_std","MAPLE 3B_(T+,I-)_std","MAPLE 3B_(T-,I+)_std","MAPLE 3B_(T-,I-)_std"
GeoMLaMA,accuracy,0.30266666666666664,0.2973333333333333,0.368,0.3706666666666666,0.3933333333333333,0.3933333333333333,0.27999999999999997,0.3173333333333333,0.3586666666666667,0.3533333333333333,0.010110500592068751,0.017384539747207058,0.008692269873603537,0.00760116950066093,0.0,0.0,0.006666666666666682,0.005962847939999434,0.017256238807393035,0.008164965809277223
GlobalOpinionQA,accuracy,0.15622384428223843,0.16188807785888076,0.18845742092457418,0.19375182481751824,0.17352798053527976,0.17814111922141115,0.1821897810218978,0.1730218978102189,0.17880291970802914,0.17636982968369827,0.0025063425561568683,0.0010937544795784856,0.0013086315378274833,0.0010736518050041219,0.0016744185434632809,0.001844789329974745,0.00161539588055454,0.0015036417609381391,0.0007197999839260574,0.0013457429502632663
Overall,accuracy,0.2890471442814414,0.29430280586811,0.2826235578977353,0.27892038171200684,0.2835066229881783,0.2840763424013673,0.2820111095285571,0.2825950719270759,0.2790200826093149,0.2793334282865688,0.0008625535922882752,0.001030280892400311,0.001103946219863044,0.0009072569237539783,0.0014446277435621936,0.0011788167894350417,0.0012808792015813065,0.002150289868694397,0.0012719392607529025,0.0024320705512749664
WorldValuesBench,emd,0.41947805456702253,0.4501463028865162,0.4647133254250691,0.46723606168446025,0.44345591142744156,0.4300711743772242,0.4018505338078292,0.3882878608145512,0.42476868327402145,0.3991459074733097,0.0018546207231607613,0.0008496324830116188,0.0010222024116022606,0.0008202322552162692,0.002661339449658164,0.004437907756090293,0.009532263499994288,0.00651179345933958,0.007331615581352416,0.005735270582024849
