label,RC1,RC2
"MAPLE 1B (T+, I+)",-0.32155281884158693,-0.18392110707276343
"MAPLE 3B (T+, I+)",0.12888859028553598,0.8344831300790062
