{
  "n_samples": 1000,
  "n_clusters": 4,
  "silhouette": null,
  "cluster_sizes": {
    "0": 303,
    "1": 303,
    "2": 44,
    "3": 350
  },
  "skipped_nonfinite": 0,
  "continent_distribution": {
    "0": {
      "Europe": 83,
      "America": 100,
      "Asia": 63,
      "Africa": 57
    },
    "1": {
      "Africa": 120,
      "Asia": 139,
      "America": 27,
      "Europe": 17
    },
    "3": {
      "Europe": 148,
      "America": 106,
      "Africa": 58,
      "Asia": 38
    },
    "2": {
      "Asia": 14,
      "Africa": 11,
      "America": 9,
      "Europe": 10
    }
  },
  "per_cluster_ppl": {
    "model": {
      "0": {
        "n": 30,
        "mean_nll": 2.4273519819709146,
        "mean_ppl": 11.328843344572482
      },
      "1": {
        "n": 19,
        "mean_nll": 1.9304656485068907,
        "mean_ppl": 6.892719078775637
      },
      "3": {
        "n": 42,
        "mean_nll": 2.7692534081977507,
        "mean_ppl": 15.946723871026428
      },
      "2": {
        "n": 6,
        "mean_nll": 1.1500710359067867,
        "mean_ppl": 3.1584172627553824
      }
    },
    "baseline": {
      "0": {
        "n": 30,
        "mean_nll": 2.2593659603311997,
        "mean_ppl": 9.57701503390708
      },
      "1": {
        "n": 19,
        "mean_nll": 1.9128563792640259,
        "mean_ppl": 6.772405756488851
      },
      "3": {
        "n": 42,
        "mean_nll": 2.6419994190845997,
        "mean_ppl": 14.041249903269236
      },
      "2": {
        "n": 6,
        "mean_nll": 0.9372789708776501,
        "mean_ppl": 2.553025102797941
      }
    }
  },
  "per_cluster_delta": {
    "0": {
      "delta_nll": 0.16798602163971488,
      "delta_ppl": 1.7518283106654025,
      "n_a": 30,
      "n_b": 30
    },
    "1": {
      "delta_nll": 0.017609269242864878,
      "delta_ppl": 0.12031332228678604,
      "n_a": 19,
      "n_b": 19
    },
    "2": {
      "delta_nll": 0.2127920650291366,
      "delta_ppl": 0.6053921599574412,
      "n_a": 6,
      "n_b": 6
    },
    "3": {
      "delta_nll": 0.127253989113151,
      "delta_ppl": 1.9054739677571924,
      "n_a": 42,
      "n_b": 42
    }
  },
  "dataset": "/scratch/amukher6/metacul/training_data/meco_datasets/combined/with_metadata/",
  "split": "test",
  "seed": 42,
  "max_samples": 1000,
  "model_path": "/scratch/amukher6/metacul/models/ablations/leave_one_out/combined_no_europe_with_metadata_1b",
  "tokenizer_path": "meta-llama/Llama-3.2-1B",
  "baseline_model_path": "/scratch/amukher6/metacul/models/combined_with_metadata_1b",
  "per_sample_dir": "/scratch/amukher6/metacul/results/per_sample_losses"
}