model,acc_no_metadata,acc_correct_metadata,acc_shuffled_metadata,acc_adversarial_metadata,delta_correct_minus_no,delta_shuffled_minus_no,delta_adversarial_minus_no,flip_rate_correct_vs_no,flip_rate_shuffled_vs_no,flip_rate_adversarial_vs_no,overlap_correct_vs_no,overlap_shuffled_vs_no,overlap_adversarial_vs_no
custom_tplus,0.3284671532846715,0.38848920863309355,0.3873239436619718,0.4125874125874126,0.06002205534842203,0.058856790377300294,0.08412025930274108,0.2890625,0.3282442748091603,0.25,128,131,132
custom_tminus,0.4782608695652174,0.45323741007194246,0.4357142857142857,0.4859154929577465,-0.025023459493274947,-0.042546583850931685,0.007654623392529092,0.28346456692913385,0.2713178294573643,0.25757575757575757,127,129,132
