variant,baseline_rate,rate,n_pairs,base_acc,rate_acc,delta_acc,b10_base_correct_rate_incorrect,b01_base_incorrect_rate_correct,p_value
custom_with_metadata,0.0,0.25,1965,0.6900763358778625,0.7145038167938931,0.02442748091603053,85,133,0.0014005211606323597
custom_with_metadata,0.0,0.5,1946,0.6896197327852004,0.6983556012332991,0.008735868448098705,124,141,0.3256762723117169
custom_with_metadata,0.0,0.75,1935,0.689405684754522,0.6961240310077519,0.006718346253229868,144,157,0.4892088551830245
custom_with_metadata,0.0,1.0,1916,0.69258872651357,0.68580375782881,-0.006784968684759973,172,159,0.5095843076624365
llama3_chat_with_metadata,0.0,0.25,2123,0.7710786622703721,0.7772020725388601,0.00612341026848795,126,139,0.4610937499958814
llama3_chat_with_metadata,0.0,0.5,2360,0.7694915254237288,0.7847457627118644,0.015254237288135575,141,177,0.04950987218572407
llama3_chat_with_metadata,0.0,0.75,2359,0.7693938109368377,0.8062738448495125,0.0368800339126748,124,211,2.3133572476277897e-06
llama3_chat_with_metadata,0.0,1.0,2359,0.7693938109368377,0.8020347604917338,0.03264094955489616,134,211,3.998951687979851e-05
